﻿<?xml version="1.0" encoding="UTF-8" standalone="yes"?>
<addon id="script.torrent-tv.ru.pp"
       name="[COLOR FF00FF00][B]Torrent-TV XBMC [COLOR FFFFFF00]PLUS PLUS[/COLOR][/B][/COLOR]"
       version="1.0.8"
       provider-name="dvor85">
    <requires>
		<import addon="xbmc.python" version="2.1.0" />
        <import addon="script.module.beautifulsoup"/>
    </requires>
    <extension point="xbmc.python.script" library="default.py">
        <provides>video</provides>
    </extension>
    <extension library="autostart.py" point="xbmc.service" />
    <extension point="xbmc.addon.metadata">
        <summary>Torrent-TV XBMC PLUS PLUS</summary>
        <description>Доработанная версия Торрент ТВ.</description>
        <platform>all</platform>
    </extension>
</addon>
