﻿<window id="12346">
  <visible>Player.HasMedia + Window.IsActive(playercontrols) + !Window.IsActive(fullscreenvideo) + !Window.IsActive(visualisation)</visible>
    <controls>
    
    <control type="group" id="201">
      <control type="videowindow">
        <left>0</left>
        <top>0</top>
        <width>1280</width>
        <height>720</height>
        <visible>Player.HasVideo + !Skin.HasSetting(ShowBackgroundVideo)</visible>
      </control>
      <control type="group" id="203">
        <animation effect="fade" start="100" end="0" delay="3000" time="4000" reversible="True">Visible</animation>
        <animation effect="fade" start="0" end="100" delay="3000" time="4000" reversible="True">Hide</animation>
        <left>0</left>
        <top>0</top>
        <width>1280</width>
        <height>720</height>
        
        <control type="label" id="399">
            <description>Name</description>
            <left>10</left>
            <top>10</top>
            <font>font30</font>
            <textcolor>ff00ff7f</textcolor>
            <visible>true</visible>
            <label>Наименование</label>
        </control>
        <control type="group">
          <description>Window</description>
          <control type="image">
            <left>5</left>
            <top>600</top>
            <width>1270</width>
            <height>210</height>
            <texture border="40">window.png</texture>
          </control>
        </control>
        <control type="label">
          <description>Time</description>
          <left>1200</left>
          <top>610</top>
          <font>font13</font>
          <visible>true</visible>
          <label>$INFO[System.Time]</label>
        </control>
        <control type="group">
          
          <left>0</left>
          <top>579</top>          
          <control type="button" id="200">
            <left>135</left>
            <top>100</top>
            <width>30</width>
            <height>30</height>
            <onleft>205</onleft>
            <onright>209</onright>
            <texturefocus>stopfocus.png</texturefocus>
            <texturenofocus>stop.png</texturenofocus>
            <onclick>XBMC.PlayerControl(Stop)</onclick>
          </control>
          <control type="button" id="209">
            <description>Следующий источник</description>
            <left>170</left>
            <top>100</top>
            <width>30</width>
            <height>30</height>
            <onleft>200</onleft>
            <onright>205</onright>
            <texturefocus>nextitemfocus.png</texturefocus>
            <texturenofocus>nextitem.png</texturenofocus>
            <onclick>XBMC.PlayerControl(Next)</onclick>
          </control>
          
          <control type="button" id="205">
            <description>VIDEO SETTINGS</description>
            <left>235</left>
            <top>100</top>
            <width>30</width>
            <height>30</height>
            <onleft>209</onleft>
            <onright>200</onright>
            <texturefocus>videosetfocus.png</texturefocus>
            <texturenofocus>videoset.png</texturenofocus>
            <onclick>ActivateWindow(OSDVideoSettings)</onclick>
          </control>
          <control type="button" id="206">
            <description>AUDIO SETTINGS</description>
            <left>275</left>
            <top>100</top>
            <width>30</width>
            <height>30</height>
            <onleft>205</onleft>
            <onright>207</onright>
            <texturefocus>audiosetfocus.png</texturefocus>
            <texturenofocus>audioset.png</texturenofocus>
            <onclick>ActivateWindow(OSDAudioSettings)</onclick>
          </control>
          <control type="button" id="207">
            <description>CHANNEL LIST</description>
            <left>345</left>
            <top>100</top>
            <width>30</width>
            <height>30</height>
            <onleft>206</onleft>
            <onright>208</onright>
            <texturefocus>channelsfocus.png</texturefocus>
            <texturenofocus>channels.png</texturenofocus>
            <onclick>Close</onclick>
          </control>
          <control type="button" id="208">
            <description>STANDARDP LAYER</description>
            <left>380</left>
            <top>100</top>
            <width>30</width>
            <height>30</height>
            <onleft>207</onleft>
            <onright>208</onright>
            <texturefocus>fullscreenfocus.png</texturefocus>
            <texturenofocus>fullscreen.png</texturenofocus>
            <onclick>Action(FullScreen)</onclick>
          </control>

          <control type="image" id="202">
            <left>20</left>
            <top>30</top>
            <width>100</width>
            <height>100</height>
            <visible>true</visible>
            <aspectratio>keep</aspectratio>
          </control>
          <control type="group">
            <control type="label" id = "109">
              <description>Current EPG</description>
              <left>135</left>
              <top>30</top>
              <width>1000</width>
              <label>Нет программы</label>
              <font>font13</font>
              <scroll>true</scroll>
              <textcolor>FFFFFFFF</textcolor>
              <shadowcolor>FF000000</shadowcolor>
            </control>
            <control type="progress" id ="310">
              <description>Progress EGP</description>
              <left>130</left>
              <top>60</top>
              <visible>true</visible>
              <colordiffuse>88FFFFFF</colordiffuse>
              <texturebg>progressback.png</texturebg>
	      	  <midtexture>progressfront.png</midtexture>
              <width>1100</width>
              <height>9</height>
                <info/>
            </control>
            <control type="label" id ="110">
              <description>Next EPG</description>
              <left>135</left>
              <top>75</top>
              <align>left</align>
              <aligny>top</aligny>
              <width>1000</width>
              <height>30</height>
              <font>font12</font>
              <visible>true</visible>
                <label/>
              <scroll>true</scroll>
            </control>
          </control>
        </control>        
      </control>    
    </control>
    <control type="label">
        <desctiption>Time</desctiption>
        <left>70r</left>
        <top>10</top>        
        <visible>true</visible>
        <label>$INFO[System.Time]</label>
    </control>
    
    <control type="label" id = "299">
        <animation effect="fade" delay="300" start="0" end="75" time="1000" pulse="True" condition="Control.IsVisible(299)">conditional</animation>
        <description>Switching</description>
        <align>center</align>
        <aligny>center</aligny>        
        <font>font60</font>
        <textcolor>FFFDFDF0</textcolor>
        <visible>true</visible>
        <label>Переключение...</label>
    </control>
  </controls>
</window>
