<window id="12347">
  <allowoverlay>no</allowoverlay>
  <coordinates>

    <system>1</system>

    <left>0</left>
    <top>0</top>
  </coordinates>
  <animation effect="fade" time="250">WindowOpen</animation>
  <animation effect="fade" time="250">WindowClose</animation>
  <controls>
    <control type="group" id = "100">
      <description>Window</description>
      <control type="image">
        <left>350</left>
        <top>200</top>
        <width>520</width>
        <height>283</height>
        <texture border="40">window.png</texture>
      </control>
      <control type="image">
        <left>350</left>
        <top>200</top>
        <width>520</width>
        <height>283</height>
        <texture border="40">window.png</texture>
      </control>
      <control type="image">
        <left>350</left>
        <top>200</top>
        <width>520</width>
        <height>283</height>
        <texture border="40">window.png</texture>
      </control>
      <control type="image">
        <left>350</left>
        <top>200</top>
        <width>520</width>
        <height>283</height>
        <texture border="40">window.png</texture>
      </control>
      <control type="group">
        <left>350</left>
        <top>200</top>
        <control type="textbox" id="1">
          <description>text</description>
          <left>15</left>
          <top>15</top>
          
          <label>-</label>
          <font>font13</font>
          
        </control>
      </control>
    </control>
  </controls>
</window>
