﻿<?xml version="1.0" encoding="UTF-8" standalone="yes"?>
<addon id="script.torrent-tv.ru.pp"
       name="Torrent-TV [COLOR FFFFFF00]PLUS PLUS[/COLOR]"
       version="3.1.3"
       provider-name="dvor85">
    <requires>
		<import addon="xbmc.python" version="2.14.0" />
		<import addon="script.module.requests" />
        <import addon="script.module.beautifulsoup" optional="true" />
        <import addon="script.module.pydevd" version="4.4.0" optional="true" />
       
    </requires>
    <extension point="xbmc.python.script" library="default.py">
        <provides>video</provides>
    </extension>
    <extension library="autostart.py" point="xbmc.service" />
    <extension point="xbmc.addon.metadata">
        <summary>Torrent-TV [COLOR FFFFFF00]PLUS PLUS[/COLOR]</summary>
        <description>
        	Просмотр torrent-tv каналов. Внешне похож на официальный плагин Torrent-tv XBMC.        	
        </description>
        <platform>all</platform>
        <forum>http://xbmc.ru/forum/showthread.php?p=76182</forum>
        <website>http://xbmc.ru/forum/showthread.php?p=76182</website>
    </extension>
</addon>
