﻿<window id="12345">
	<defaultcontrol>50</defaultcontrol>
	<allowoverlay>no</allowoverlay>
	<coordinates>

		<system>1</system>

		<posx>0</posx>
		<posy>0</posy>
	</coordinates>
  <animation effect="fade" time="250">WindowOpen</animation>

	<animation effect="fade" time="250">WindowClose</animation>
	<onload condition="Control.IsVisible(1)">Control.SetFocus(1,1)</onload>
	<controls>
    <control type="group">
      <destiption>Wallpaper</destiption>
      <control type="image">
        <description>Normal Default Background Image</description>
        <posx>0</posx>
        <posy>0</posy>
        <width>1280</width>
        <height>720</height>
        <aspectratio>scale</aspectratio>
        <texture>$INFO[Skin.CurrentTheme,special://skin/backgrounds/,.jpg]</texture>
        <visible>!Player.HasVideo</visible>
      </control>
			<control type="videowindow">
				<posx>0</posx>
				<posy>0</posy>
				<width>1280</width>
				<height>720</height>
				<visible>Player.HasVideo + !Skin.HasSetting(ShowBackgroundVideo) + ![Window.IsVisible(PVR) + [Control.IsVisible(11) | Control.IsVisible(12)]]</visible>
			</control>
      <control type="group">
        <description>Window</description>
        <control type="label">
	        <desctiption>Time</desctiption>
	        <posx>1210</posx>
	        <posy>10</posy>
	        <visible>true</visible>
	        <label>$INFO[System.Time]</label>
        </control>
        
        <control type="group">
          <description>Work area</description>
          <control type="image">
            <posx>5</posx>
            <posy>5</posy>
            <width>1270</width>
          	<height>520</height>
            <texture border="40">border.png</texture>
          </control>
          <control type="panel" id="50">
            <description>My first list container</description>
            <posx>23</posx>
            <posy>20</posy>
            <width>1240</width>
            <height>510</height>
            <visible>true</visible>
            <ondown>204</ondown>
            <orientation>horizontal</orientation>
            <viewtype>list</viewtype>
            <pagecontrol>70</pagecontrol>
            <scrolltime tween="sine" easing="out">200</scrolltime>
            <itemlayout width="248" height="36">
              <control type="image">
                <width>243</width>
                <height>33</height>
                <posx>0</posx>
                <posy>0</posy>
                <visible>true</visible>
                <texture>itemnofocus.png</texture>
              </control>
              <control type="label">
                <posx>5</posx>
                <posy>4</posy>
                <width>200</width>
                <height>22</height>
                <font>font13</font>
                <aligny>center</aligny>
                <selectedcolor>green</selectedcolor>
                <align>left</align>
                <info>ListItem.Label</info>
              </control>
              <control type="image">
              	<aspectratio>keep</aspectratio>
                <posx>209</posx>
                <posy>1</posy>
                <width>31</width>
                <height>31</height>
                <info>ListItem.Icon</info>
              </control>
            </itemlayout>
            <focusedlayout height="30" width="248">
              <control type="image">
                <width>243</width>
                <height>33</height>
                <posx>0</posx>
                <posy>0</posy>
                <visible>true</visible>
                <texture>itemfocus.png</texture>
              </control>
              <control type="label">
                <posx>5</posx>
                <posy>4</posy>
                <width>200</width>
                <height>22</height>
                <font>font13</font>
                <aligny>center</aligny>
                <scroll>true</scroll>
                <selectedcolor>green</selectedcolor>
                <align>left</align>
                <info>ListItem.Label</info>
              </control>
              <control type="image">
              	<aspectratio>keep</aspectratio>
                <posx>209</posx>
                <posy>1</posy>
                <width>31</width>
                <height>31</height>
                <info>ListItem.Icon</info>
              </control>
            </focusedlayout>
          </control>
          <control type="scrollbar" id="70">
            <posx>14</posx>
            <posy>543</posy>
            <width>1254</width>
            <height>10</height>
            <texturesliderbackground border="14,0,14,0">ScrollBarH.png</texturesliderbackground>
            <texturesliderbar border="14,0,14,0">ScrollBarH_bar.png</texturesliderbar>
            <texturesliderbarfocus border="14,0,14,0">ScrollBarH_bar_focus.png</texturesliderbarfocus>
            <textureslidernib>ScrollBarNib.png</textureslidernib>
            <textureslidernibfocus>ScrollBarNib.png</textureslidernibfocus>
            <onup>50</onup>
            <showonepage>false</showonepage>
            <orientation>horizontal</orientation>
          </control>
        </control>
      </control>
      <control type="group">
        <description>InfoPanel</description>
        <control type="image">
          <posx>5</posx>
          <posy>530</posy>
          <width>1270</width>
          <height>200</height>
          <texture border="40">window.png</texture>
        </control>
        <control type="image">
          <posx>5</posx>
          <posy>530</posy>
          <width>1270</width>
          <height>200</height>
          <texture border="40">window.png</texture>
        </control>
        <control type="togglebutton" id="204">
          <posx>20</posx>
          <posy>540</posy>
          <width>26</width>
          <height>26</height>
          <label>-</label>
          <onleft>208</onleft>
          <onright>200</onright>
          <onup>50</onup>
          <texturefocus>pausefocus.png</texturefocus>
          <texturenofocus>pause.png</texturenofocus>
          <usealttexture>Player.Paused | Player.Forwarding | Player.Rewinding</usealttexture>
          <alttexturefocus>playfocus.png</alttexturefocus>
          <alttexturenofocus>play.png</alttexturenofocus>
          <onclick>XBMC.PlayerControl(Play)</onclick>
          <visible>Player.HasVideo</visible>
        </control>
        <control type="button" id="200">
          <posx>50</posx>
          <posy>540</posy>
          <width>26</width>
          <height>26</height>
          <onleft>204</onleft>
          <onright>208</onright>
          <onup>50</onup>
          <texturefocus>stopfocus.png</texturefocus>
          <texturenofocus>stop.png</texturenofocus>
          <onclick>XBMC.PlayerControl(Stop)</onclick>
          <visible>Player.HasVideo</visible>
        </control>
        <control type="button" id="208">
          <description>FULL SCREEN</description>
          <posx>80</posx>
          <posy>540</posy>
          <width>26</width>
          <height>26</height>
          <onleft>200</onleft>
          <onright>204</onright>
          <onup>50</onup>
          <texturefocus>fullscreenfocus.png</texturefocus>
          <texturenofocus>fullscreen.png</texturenofocus>
          <visible>Player.HasVideo</visible>
        </control>
        <description>Info</description>
        <control type="image" id="210">
          <posx>10</posx>
          <posy>570</posy>
          <width>200</width>
          <height>150</height>
          <visible>true</visible>
          <aspectratio>keep</aspectratio>
        </control>
        <control type="label" id = "300">
          <description>Current EPG</description>
          <posx>220</posx>
          <posy>540</posy>
	        <width>1000</width>
          <label>Нет программы</label>
          <font>font10</font>
          <scroll>true</scroll>
          <textcolor>FFFFFFFF</textcolor>
          <shadowcolor>FF000000</shadowcolor>
        </control>
        <control type="label" id ="301">
          <description>Next EPG1</description>
          <posx>220</posx>
          <posy>575</posy>
          <align>left</align>
          <aligny>top</aligny>
          <width>900</width>
          <scroll>true</scroll>
          <height>200</height>
          <font>font10</font>
        </control>
        <control type="label" id ="302">
          <description>Next EPG2</description>
          <posx>220</posx>
          <posy>595</posy>
          <align>left</align>
          <aligny>top</aligny>
          <width>900</width>
          <scroll>true</scroll>
          <height>200</height>
          <font>font10</font>
        </control>
        <control type="label" id ="303">
          <description>Next EPG3</description>
          <posx>220</posx>
          <posy>615</posy>
          <align>left</align>
          <aligny>top</aligny>
          <width>900</width>
          <scroll>true</scroll>
          <height>200</height>
          <font>font10</font>
        </control>
		  <control type="label" id ="304">
          <description>Next EPG4</description>
          <posx>220</posx>
          <posy>635</posy>
          <align>left</align>
          <aligny>top</aligny>
          <width>900</width>
          <scroll>true</scroll>
          <height>200</height>
          <font>font10</font>
        </control>
		  <control type="label" id ="305">
          <description>Next EPG5</description>
          <posx>220</posx>
          <posy>655</posy>
          <align>left</align>
          <aligny>top</aligny>
          <width>900</width>
          <scroll>true</scroll>
          <height>200</height>
          <font>font10</font>
        </control>
		  <control type="label" id ="306">
          <description>Next EPG6</description>
          <posx>220</posx>
          <posy>675</posy>
          <align>left</align>
          <aligny>top</aligny>
          <width>900</width>
          <scroll>true</scroll>
          <height>200</height>
          <font>font10</font>
        </control>
		  <control type="label" id ="307">
          <description>Next EPG3</description>
          <posx>220</posx>
          <posy>695</posy>
          <align>left</align>
          <aligny>top</aligny>
          <width>900</width>
          <scroll>true</scroll>
          <height>200</height>
          <font>font10</font>
        </control>

        <control type="progress" id="110">
          <description>Progress EGP</description>
          <posx>215</posx>
          <posy>565</posy>
          <visible>true</visible>
          <colordiffuse>88FFFFFF</colordiffuse>
          <texturebg>progressback.png</texturebg>
	      <midtexture>progressfront.png</midtexture>
          <width>900</width>
          <height>9</height>
          <info>ListItem.Progress</info>
        </control>
        <control type="label" id="107">
          <description>My First label</description>
          <posx>1240</posx>
          <posy>540</posy>
          <width>320</width>
          <height>auto</height>
          <visible>true</visible>
          <align>right</align>
          <label>Текущий статус</label>
          <font>font10</font>
          <textcolor>FFFFFFFF</textcolor>
          <shadowcolor>ff000000</shadowcolor>
        </control>
        <control type="image" id="108">
          <description>Busy animation</description>
          <posx>1250</posx>
          <posy>540</posy>
          <width>16</width>
          <height>16</height>
          <texture>busy.png</texture>
          <aspectratio>keep</aspectratio>
          <animation effect="rotate" start="0" end="360" center="auto" time="1200" loop="true" condition="true">conditional</animation>
        </control>
        <control type="image" id="1111">
            <posx>1145</posx>
            <posy>590</posy>
            <width>120</width>
            <height>110</height>
            <visible>true</visible>
            <aspectratio>keep</aspectratio>
        </control>
      </control>
    </control>
	</controls>
</window>
