﻿<window id="12345">
	<defaultcontrol>50</defaultcontrol>
	<allowoverlay>no</allowoverlay>
	<coordinates>

		<system>1</system>

		<left>0</left>
		<top>0</top>
	</coordinates>
  <animation effect="fade" time="250">WindowOpen</animation>

	<animation effect="fade" time="250">WindowClose</animation>
	<onload condition="Control.IsVisible(1)">Control.SetFocus(1,1)</onload>
	<controls>
    <control type="group">
		<control type="videowindow">
			<left>0</left>
			<top>0</top>
			<width>1280</width>
			<height>720</height>
			<visible>Player.HasVideo + !Skin.HasSetting(ShowBackgroundVideo)</visible>
		</control>
      <control type="group">
        <description>Window</description>
        <control type="label">
	        <desctiption>Time</desctiption>
	        <left>1210</left>
	        <top>10</top>
	        <visible>true</visible>
	        <label>$INFO[System.Time]</label>
        </control>
        
        <control type="group">
          <description>Work area</description>
          <control type="image">
            <left>5</left>
            <top>5</top>
            <width>1270</width>
          	<height>520</height>
            <texture border="40">border.png</texture>
          </control>
          <control type="panel" id="50">
            <description>My first list container</description>
            <left>23</left>
            <top>20</top>
            <width>1240</width>
            <height>510</height>
            <visible>true</visible>
            <ondown>204</ondown>
            <orientation>horizontal</orientation>
            <viewtype>list</viewtype>
            <pagecontrol>70</pagecontrol>
            <scrolltime tween="sine" easing="out">200</scrolltime>
            <itemlayout width="248" height="36">
              <control type="image">
                <width>243</width>
                <height>33</height>
                <left>0</left>
                <top>0</top>
                <visible>true</visible>
                <texture>itemnofocus.png</texture>
              </control>
              <control type="label">
                <left>5</left>
                <top>4</top>
                <width>200</width>
                <height>22</height>
                <font>font13</font>
                <aligny>center</aligny>
                <selectedcolor>green</selectedcolor>
                <align>left</align>
                <info>ListItem.Label</info>
              </control>
              <control type="image">
              	<aspectratio>keep</aspectratio>
                <left>209</left>
                <top>1</top>
                <width>31</width>
                <height>31</height>
                <info>ListItem.Icon</info>
              </control>
            </itemlayout>
            <focusedlayout height="30" width="248">
              <control type="image">
                <width>243</width>
                <height>33</height>
                <left>0</left>
                <top>0</top>
                <visible>true</visible>
                <texture>itemfocus.png</texture>
              </control>
              <control type="label">
                <left>5</left>
                <top>4</top>
                <width>200</width>
                <height>22</height>
                <font>font13</font>
                <aligny>center</aligny>
                <scroll>true</scroll>
                <selectedcolor>green</selectedcolor>
                <align>left</align>
                <info>ListItem.Label</info>
              </control>
              <control type="image">
              	<aspectratio>keep</aspectratio>
                <left>209</left>
                <top>1</top>
                <width>31</width>
                <height>31</height>
                <info>ListItem.Icon</info>
              </control>
            </focusedlayout>
          </control>
          <control type="scrollbar" id="70">
            <left>14</left>
            <top>543</top>
            <width>1254</width>
            <height>10</height>
            <texturesliderbackground border="14,0,14,0">ScrollBarH.png</texturesliderbackground>
            <texturesliderbar border="14,0,14,0">ScrollBarH_bar.png</texturesliderbar>
            <texturesliderbarfocus border="14,0,14,0">ScrollBarH_bar_focus.png</texturesliderbarfocus>
            <textureslidernib>ScrollBarNib.png</textureslidernib>
            <textureslidernibfocus>ScrollBarNib.png</textureslidernibfocus>
            <onup>50</onup>
            <showonepage>false</showonepage>
            <orientation>horizontal</orientation>
          </control>
        </control>
      </control>
      <control type="group">
		<left>5</left>
        <top>525</top>
        <width>635</width>
        <height>200</height>
        <description>InfoPanel</description>
        <control type="image">
          <left>0</left>
          <top>5</top>
          <texture border="40">window.png</texture>
        </control>       
        <control type="button" id="200">
          <left>20</left>
          <top>10</top>
          <width>26</width>
          <height>26</height>
          <onleft>208</onleft>
          <onright>208</onright>
          <onup>50</onup>
          <texturefocus>stopfocus.png</texturefocus>
          <texturenofocus>stop.png</texturenofocus>
          <onclick>XBMC.PlayerControl(Stop)</onclick>
          <visible>Player.HasVideo</visible>
        </control>
        <control type="button" id="208">
          <description>FULL SCREEN</description>
          <left>50</left>
          <top>10</top>
          <width>26</width>
          <height>26</height>
          <onleft>200</onleft>
          <onright>200</onright>
          <onup>50</onup>
          <texturefocus>fullscreenfocus.png</texturefocus>
          <texturenofocus>fullscreen.png</texturenofocus>
          <visible>Player.HasVideo</visible>
        </control>
        <control type="image" id="210">
		  <description>Logo image</description>
          <left>10</left>
          <top>40</top>
          <width>200</width>
          <height>150</height>
          <visible>true</visible>
          <aspectratio>keep</aspectratio>
		  <fadetime>500</fadetime>
        </control>
        <control type="label" id = "300">
          <description>Current EPG</description>
          <left>220</left>
          <top>10</top>
	      <width>400</width>
          <label>Нет программы</label>
          <font>
		  <name>font10</name>
		  <style>bold</style>
		  </font>
          <scroll>true</scroll>
          <textcolor>FFFFFF00</textcolor>
          <shadowcolor>FF000000</shadowcolor>
        </control>
        <control type="label" id ="301">
          <description>Next EPG1</description>
          <left>220</left>
          <top>50</top>
          <align>left</align>
          <aligny>top</aligny>
          <width>400</width>
          <scroll>true</scroll>
          <height>200</height>
          <font>font10</font>
        </control>
        <control type="label" id ="302">
          <description>Next EPG2</description>
          <left>220</left>
          <top>70</top>
          <align>left</align>
          <aligny>top</aligny>
          <width>400</width>
          <scroll>true</scroll>
          <height>200</height>
          <font>font10</font>
        </control>
        <control type="label" id ="303">
          <description>Next EPG3</description>
          <left>220</left>
          <top>90</top>
          <align>left</align>
          <aligny>top</aligny>
          <width>400</width>
          <scroll>true</scroll>
          <height>200</height>
          <font>font10</font>
        </control>
		  <control type="label" id ="304">
          <description>Next EPG4</description>
          <left>220</left>
          <top>110</top>
          <align>left</align>
          <aligny>top</aligny>
          <width>400</width>
          <scroll>true</scroll>
          <height>200</height>
          <font>font10</font>
        </control>
		  <control type="label" id ="305">
          <description>Next EPG5</description>
          <left>220</left>
          <top>130</top>
          <align>left</align>
          <aligny>top</aligny>
          <width>400</width>
          <scroll>true</scroll>
          <height>200</height>
          <font>font10</font>
        </control>
		  <control type="label" id ="306">
          <description>Next EPG6</description>
          <left>220</left>
          <top>150</top>
          <align>left</align>
          <aligny>top</aligny>
          <width>400</width>
          <scroll>true</scroll>
          <height>200</height>
          <font>font10</font>
        </control>
		  <control type="label" id ="307">
          <description>Next EPG7</description>
          <left>220</left>
          <top>170</top>
          <align>left</align>
          <aligny>top</aligny>
          <width>400</width>
          <scroll>true</scroll>
          <height>200</height>
          <font>font10</font>
        </control>

        <control type="progress" id="110">
          <description>Progress EGP</description>
          <left>215</left>
          <top>40</top>
          <visible>true</visible>
          <colordiffuse>88FFFFFF</colordiffuse>
          <texturebg>progressback.png</texturebg>
	      <midtexture>progressfront.png</midtexture>
          <width>405</width>
          <height>9</height>
          <info></info>
        </control>
	</control>
		<control type="group">
		<left>640</left>
	    <top>525</top>
	    <width>635</width>
	    <height>200</height>
        <description>InfoPanel2</description>
        <control type="image">

		  <left>5</left>
          <top>5</top>
          <texture border="40">window.png</texture>
        </control>  
		<control type="label">
		  <description>Описание</description>
          <left>20</left>
          <top>10</top>
          <width>auto</width>
          <height>16</height>
          <visible>true</visible>
          <align>left</align>
          <label>Описание:</label>
          <font>
		  <name>font10</name>
		  <style>bold</style>
		  </font>
          <textcolor>FFFFFF00</textcolor>
          <shadowcolor>ff000000</shadowcolor>
        </control>
        <control type="label" id="107">
          <description>Текущий статус</description>
          <left>20</left>
          <top>10</top>
          <width min="20" max="560">auto</width>
          <height>16</height>
          <visible>true</visible>
          <align>right</align>
          <label>Текущий статус</label>
          <font>font10</font>
          <textcolor>FFFF55FF</textcolor>
          <shadowcolor>ff000000</shadowcolor>
        </control>
        <control type="image" id="108">
          <description>Busy animation</description>
          <left>600</left>
          <top>10</top>
          <width>16</width>
          <height>16</height>
          <texture>busy.png</texture>
          <aspectratio>keep</aspectratio>
          <animation effect="rotate" start="0" end="360" center="auto" time="1200" loop="true" condition="true">conditional</animation>
        </control>
        
		<control type="textbox" id="105">
          <description>description</description>
          <left>20</left>
          <top>30</top>
          <width>600</width>
          <visible>true</visible>
          <align>left</align>
          <font>
			 <name>font14</name>
			 <size>14</size>
			 <style>lighten</style>
			 <aspect>0.75</aspect>
			 <linespacing>1.0</linespacing>
		  </font>
          <textcolor>FFFFFFFF</textcolor>
          <shadowcolor>ff000000</shadowcolor>
		  <autoscroll delay="10000" time="1000">true</autoscroll>
        </control>
      </control>
    </control>
	</controls>
</window>
