﻿<?xml version="1.0" encoding="UTF-8" standalone="yes"?>
<addon id="script.torrent-tv.ru.pp"
       name="Torrent-TV [COLOR FFFFFF00]PLUS PLUS[/COLOR]"
       version="4.1.9+matrix1"
       provider-name="dvor85">
    <requires>
		<import addon="xbmc.python" version="3.0.0" />
		<import addon="script.module.requests" version="2.12.4" /> 
		<import addon="script.module.win_inet_pton" version="1.1.0" optional="true" />
		<import addon="script.module.pysocks" version="1.6.8" /> 
		<import addon="script.module.six" version="1.12.0" />
    </requires>
    <extension point="xbmc.python.script" library="default.py">
        <provides>video</provides>
    </extension>
    <extension point="xbmc.service" library="autostart.py" />
    <extension point="xbmc.addon.metadata">
        <summary>Torrent-TV [COLOR FFFFFF00]PLUS PLUS[/COLOR]</summary>
        <description>Просмотр каналов через acestreamplayer.</description>
        <platform>all</platform>
        <forum>http://xbmc.ru/forum/showthread.php?p=76182</forum>
        <website>http://xbmc.ru/forum/showthread.php?p=76182</website>
        <assets>
			<icon>icon.png</icon>
		</assets>
    </extension>
</addon>
