﻿<?xml version="1.0" encoding="UTF-8" standalone="yes"?>
<addon id="script.torrent-tv.ru.pp"
       name="Torrent-TV [COLOR FFFFFF00]PLUS PLUS[/COLOR]"
       version="4.0.1"
       provider-name="dvor85">
    <requires>
		<import addon="xbmc.python" version="2.19.0" />
		<import addon="script.module.requests" />   
		<import addon="script.module.simplejson" />   
    </requires>
    <extension point="xbmc.python.script" library="default.py">
        <provides>video</provides>
    </extension>
    <extension library="autostart.py" point="xbmc.service" />
    <extension point="xbmc.addon.metadata">
        <summary>Torrent-TV [COLOR FFFFFF00]PLUS PLUS[/COLOR]</summary>
        <description>
        	Просмотр каналов через acestreamplayer.        	
        </description>
        <platform>all</platform>
        <forum>http://xbmc.ru/forum/showthread.php?p=76182</forum>
        <website>http://xbmc.ru/forum/showthread.php?p=76182</website>
    </extension>
</addon>
