﻿<?xml version="1.0" encoding="UTF-8" standalone="yes"?>
<addon id="script.torrent-tv.ru.pp"
       name="Torrent-TV [COLOR FFFFFF00]PLUS PLUS[/COLOR]"
       version="1.3.3"
       provider-name="dvor85">
    <requires>
		<import addon="xbmc.python" version="2.1.0" />
        <import addon="script.module.beautifulsoup" />
    </requires>
    <extension point="xbmc.python.script" library="default.py">
        <provides>video</provides>
    </extension>
    <extension library="autostart.py" point="xbmc.service" />
    <extension point="xbmc.addon.metadata">
        <summary>Torrent-TV [COLOR FFFFFF00]PLUS PLUS[/COLOR]</summary>
        <description>Доработанная версия официального плагина Торрент ТВ.</description>
        <platform>all</platform>
    </extension>
</addon>
