<window id="12347">
  <allowoverlay>no</allowoverlay>
  <coordinates>

    <system>1</system>

    <posx>0</posx>
    <posy>0</posy>
  </coordinates>
  <animation effect="fade" time="250">WindowOpen</animation>
  <animation effect="fade" time="250">WindowClose</animation>
  <controls>
    <control type="group" id = "100">
      <description>Window</description>
      <control type="image">
        <posx>350</posx>
        <posy>200</posy>
        <width>520</width>
        <height>283</height>
        <texture border="40">window.png</texture>
      </control>
      <control type="videowindow">
        <posx>360</posx>
        <posy>200</posy>
        <width>500</width>
        <height>286</height>
        <visible>Player.HasVideo</visible>
      </control>
    </control>
  </controls>
</window>